Date,Open Price,High Price,Low Price,Close Price,WAP,No.of Shares,No. of Trades,Total Turnover (Rs.),Deliverable Quantity,% Deli. Qty to Traded Qty,Spread High-Low,Spread Close-Open
16-May-2025,545.65,569.30,543.30,565.40,559.864485126392576041,1027592,15383,575312266.00,329113,32.03,26.00,19.75
15-May-2025,541.80,546.35,537.35,543.00,541.335769235575140885,480178,8547,259937527.00,184114,38.34,9.00,1.20
14-May-2025,540.85,543.10,535.85,539.85,539.366206249432465973,495565,9607,267291014.00,158097,31.90,7.25,-1.00
13-May-2025,549.80,549.80,536.20,538.85,540.874918265887554619,385396,7873,208451030.00,134030,34.78,13.60,-10.95
12-May-2025,545.00,552.00,541.40,546.45,545.536293982413779148,1037858,16540,566189207.00,380926,36.70,10.60,1.45
9-May-2025,505.30,516.20,505.30,513.50,509.879425800193986420,515500,9844,262842844.00,139353,27.03,10.90,8.20
8-May-2025,533.30,541.90,515.30,520.05,529.720184463204974235,676124,15331,358156530.00,217253,32.13,26.60,-13.25
7-May-2025,518.30,538.90,517.30,532.30,531.090551475985463348,667554,11541,354531622.00,131937,19.76,21.60,14.00
6-May-2025,560.00,565.75,532.85,535.95,547.513073313642958162,712023,13410,389841901.00,203316,28.55,32.90,-24.05
5-May-2025,528.95,584.30,525.50,556.20,565.629325854374888938,2982590,46008,1687040371.00,669393,22.44,58.80,27.25
2-May-2025,529.50,543.70,523.05,524.90,531.911446873754785953,461768,9609,245619685.00,106496,23.06,20.65,-4.60
30-April-2025,550.00,551.95,526.35,531.95,540.204097237030493191,656540,14859,354665598.00,213448,32.51,25.60,-18.05
29-April-2025,559.40,562.00,546.55,548.65,554.131388201144028003,234260,4828,129810819.00,73126,31.22,15.45,-10.75
28-April-2025,548.60,557.25,541.60,552.60,551.349531948315824970,468538,9603,258328207.00,133837,28.56,15.65,4.00
25-April-2025,576.00,585.50,545.00,549.15,560.129217495311474838,688916,15683,385881980.00,186443,27.06,40.50,-26.85
24-April-2025,581.85,584.60,571.20,575.70,578.574112810400464936,442211,9197,255851837.00,186429,42.16,13.40,-6.15
23-April-2025,577.75,584.00,574.10,579.55,578.382260888663831760,327818,5901,189604116.00,91059,27.78,9.90,1.80
22-April-2025,574.00,579.50,569.00,573.20,574.632144721035874536,323823,5112,186079105.00,102949,31.79,10.50,-0.80
21-April-2025,550.40,585.00,549.20,568.95,572.176632439204299312,768681,13432,439821306.00,212300,27.62,35.80,18.55
17-April-2025,546.05,561.40,542.25,549.60,551.281166746501696919,490595,8335,270455784.00,112006,22.83,19.15,3.55
16-April-2025,544.15,547.35,538.25,545.40,542.982234302772028498,393286,8710,213547311.00,145873,37.09,9.10,1.25
15-April-2025,525.85,554.55,522.55,542.30,541.243318333363697644,658668,10371,356499654.00,222152,33.73,32.00,16.45
11-April-2025,519.00,524.35,514.30,518.10,518.430391251104721777,598567,10318,310315324.00,196589,32.84,10.05,-0.90
9-April-2025,513.00,513.95,505.00,508.50,507.959140958061819238,337306,6544,171337666.00,98097,29.08,8.95,-4.50
8-April-2025,526.30,526.30,508.00,513.70,515.121254665998105744,448725,9518,231147785.00,110305,24.58,18.30,-12.60
7-April-2025,513.95,515.25,472.05,510.95,496.359406675781434161,678752,15755,336904940.00,154065,22.70,43.20,-3.00
4-April-2025,527.50,539.80,521.95,532.50,530.480136053298549480,605645,11225,321282642.00,127984,21.13,17.85,5.00
3-April-2025,510.00,538.00,507.60,528.60,528.570026346567905342,1370577,24298,724445921.00,486232,35.48,30.40,18.60
2-April-2025,511.00,517.70,502.25,513.60,510.403794942301659870,449493,8343,229422933.00,126058,28.04,15.45,2.60
1-April-2025,508.65,513.20,502.00,504.70,507.519705564203361211,189515,4024,96182597.00,58725,30.99,11.20,-3.95
28-March-2025,521.05,525.50,508.00,509.20,517.121908748260202578,492155,8000,254504133.00,106777,21.70,17.50,-11.85
27-March-2025,495.95,523.90,493.00,519.65,509.003483652453300204,620613,10726,315894179.00,198773,32.03,30.90,23.70
26-March-2025,509.70,515.90,496.00,497.80,505.374676727345068006,638393,12599,322627656.00,199308,31.22,19.90,-11.90
25-March-2025,527.00,528.65,505.00,507.90,515.971522686040581551,598055,13287,308579349.00,223404,37.36,23.65,-19.10
24-March-2025,527.95,537.65,521.95,524.20,528.212963566511609532,506265,10156,267415736.00,172988,34.17,15.70,-3.75
21-March-2025,521.55,541.25,518.00,522.45,528.210867123800480264,547615,9780,289256194.00,131360,23.99,23.25,0.90
20-March-2025,526.00,527.40,514.50,519.45,520.467663449339136300,373602,8228,194447760.00,115111,30.81,12.90,-6.55
19-March-2025,516.60,526.80,514.05,521.15,521.853609013848780433,535354,10779,279376417.00,187678,35.06,12.75,4.55
18-March-2025,515.55,518.60,510.30,516.30,514.248725162313296412,259837,4200,133620846.00,72186,27.78,8.30,0.75
17-March-2025,512.00,518.00,508.70,510.70,513.402725072101365332,250342,4853,128526265.00,92934,37.12,9.30,-1.30
13-March-2025,518.95,527.15,510.00,511.95,517.435672211711294189,550221,11368,284703973.00,140312,25.50,17.15,-7.00
12-March-2025,515.20,520.50,506.00,512.45,512.705942484689510859,540969,9726,277358021.00,130157,24.06,14.50,-2.75
11-March-2025,501.10,513.35,498.00,510.40,505.743900588699399162,659080,11613,333325690.00,169260,25.68,15.35,9.30
10-March-2025,507.60,535.00,502.00,505.05,518.711545158078923147,1384182,24848,717991184.00,308780,22.31,33.00,-2.55
7-March-2025,506.95,511.40,499.10,506.15,505.018988756174764600,299809,4742,151409238.00,55362,18.47,12.30,-0.80
6-March-2025,508.50,510.40,500.25,503.00,505.232875510642872500,581375,10332,293729763.00,170776,29.37,10.15,-5.50
5-March-2025,483.30,511.80,483.30,505.55,501.227693553542887586,1173125,20018,588002738.00,330547,28.18,28.50,22.25
4-March-2025,482.95,488.25,476.15,483.55,483.892868557021359705,225284,4416,109013321.00,49928,22.16,12.10,0.60
3-March-2025,486.20,496.45,474.20,483.00,482.170764049639124290,607827,11127,293076409.00,126789,20.86,22.25,-3.20
28-February-2025,493.05,501.50,473.00,478.75,486.551344782141246922,692008,18550,336697423.00,141979,20.52,28.50,-14.30
27-February-2025,502.70,512.30,490.80,497.45,501.722914033022866082,825852,14957,414348872.00,138979,16.83,21.50,-5.25
25-February-2025,471.90,514.75,466.15,497.70,500.029537157176043196,2275913,38738,1138023724.00,435202,19.12,48.60,25.80
24-February-2025,478.00,478.20,468.00,470.15,472.642946861782834149,359854,9678,170082455.00,92603,25.73,10.20,-7.85
21-February-2025,484.50,489.75,475.50,478.80,481.974837237588334849,424238,9799,204472041.00,108311,25.53,14.25,-5.70
20-February-2025,479.45,494.95,477.50,484.65,486.516331550938257373,550009,11264,267588361.00,131336,23.88,17.45,5.20
19-February-2025,478.10,488.60,472.50,482.55,482.901253844064422625,526461,11837,254228677.00,114884,21.82,16.10,4.45
18-February-2025,492.95,494.40,481.70,484.85,488.701592953744207708,424055,9758,207236354.00,92894,21.91,12.70,-8.10
17-February-2025,480.45,494.75,472.25,490.30,485.060303087298815057,372170,8643,180524893.00,73664,19.79,22.50,9.85
14-February-2025,499.05,501.80,484.10,487.95,489.717301215865023825,270507,6537,132471958.00,67608,24.99,17.70,-11.10
13-February-2025,503.95,506.10,493.50,498.80,501.995495317631109619,303906,6319,152559443.00,69006,22.71,12.60,-5.15
12-February-2025,500.95,504.80,482.55,501.60,496.486780211545877614,956861,19343,475068837.00,185698,19.41,22.25,0.65
11-February-2025,491.40,511.85,488.20,498.15,499.601357243585241056,925405,18468,462333594.00,100578,10.87,23.65,6.75
10-February-2025,496.90,499.00,488.10,491.30,492.715926505525869827,246658,6625,121532325.00,61680,25.01,10.90,-5.60
7-February-2025,505.75,507.40,491.25,493.95,496.044725041923155775,570687,15120,283086276.00,158046,27.69,16.15,-11.80
6-February-2025,509.60,511.00,501.50,503.60,505.424138138499488598,166210,4466,84006546.00,57018,34.30,9.50,-6.00
5-February-2025,511.20,515.70,503.00,505.35,509.667076737553821803,411311,11981,209631675.00,123383,30.00,12.70,-5.85
4-February-2025,512.40,513.70,501.30,506.55,506.399906474924191658,414862,9774,210086078.00,112062,27.01,12.40,-5.85
3-February-2025,509.95,515.75,498.35,502.30,504.627809706683734926,224979,6463,113530660.00,60967,27.10,17.40,-7.65
1-February-2025,514.85,536.55,509.00,514.20,525.041109476141876494,1144432,20004,600873847.00,217544,19.01,27.55,-0.65
31-January-2025,504.80,516.40,504.50,513.25,511.352300438318185811,512185,11118,261906978.00,127773,24.95,11.90,8.45
30-January-2025,523.05,524.90,505.65,509.00,516.053108862402832986,311191,7334,160591083.00,69441,22.31,19.25,-14.05
29-January-2025,504.80,528.00,497.00,522.35,513.067637594922923081,505015,10461,259106853.00,70796,14.02,31.00,17.55
28-January-2025,496.95,506.55,483.05,497.10,496.696423596851225879,348199,8730,172949198.00,49410,14.19,23.50,0.15
27-January-2025,514.05,514.30,493.00,496.80,498.800170548174097419,520674,15446,259712280.00,137642,26.44,21.30,-17.25
24-January-2025,526.90,528.90,509.00,514.90,517.762836905860186134,332771,7669,172296457.00,53057,15.94,19.90,-12.00
23-January-2025,525.45,537.30,518.30,521.50,526.812252876778690174,293123,6634,154420788.00,43908,14.98,19.00,-3.95
22-January-2025,529.65,533.00,513.40,525.25,520.321543497834499728,503117,12691,261782614.00,133380,26.51,19.60,-4.40
21-January-2025,545.50,549.50,526.30,528.75,537.358503850058918129,539732,12199,290029580.00,115953,21.48,23.20,-16.75
20-January-2025,551.65,554.00,538.80,544.05,545.527095633757373360,362623,7205,197820672.00,64192,17.70,15.20,-7.60
17-January-2025,563.70,573.75,500.00,546.15,557.486243378744206602,776099,14667,432664516.00,161984,20.87,73.75,-17.55
16-January-2025,583.30,599.90,556.50,562.75,571.506841732077771834,1286224,22025,735085816.00,233052,18.12,43.40,-20.55
15-January-2025,539.30,571.50,523.05,549.30,549.499299547921114320,2923826,55100,1606640339.00,465994,15.94,48.45,10.00
14-January-2025,458.00,540.15,458.00,539.15,525.507725083893931110,5875276,74020,3087502925.00,1818681,30.95,82.15,81.15
13-January-2025,479.70,479.70,445.35,450.15,462.936132995095189749,373307,6908,172817299.00,81657,21.87,34.35,-29.55
10-January-2025,497.05,501.95,478.50,481.90,486.042404156420674164,263111,5952,127883103.00,60706,23.07,23.45,-15.15
9-January-2025,506.50,508.10,496.75,497.75,502.643871385071706924,126766,3051,63718153.00,32099,25.32,11.35,-8.75
8-January-2025,511.75,515.05,500.25,504.40,506.106677319811744245,354199,7388,179262479.00,79991,22.58,14.80,-7.35
7-January-2025,498.35,521.05,497.75,510.20,511.500985626283367556,413950,6713,211735833.00,71774,17.34,23.30,11.85
6-January-2025,519.95,520.00,493.50,497.95,504.738378350293556599,538908,17015,272007550.00,220695,40.95,26.50,-22.00
3-January-2025,522.40,532.00,517.95,520.50,524.853408364118865565,209514,4285,109964137.00,45499,21.72,14.05,-1.90
2-January-2025,529.00,529.10,520.35,521.70,524.395697957184593743,351182,8086,184158330.00,118136,33.64,8.75,-7.30
1-January-2025,534.35,534.35,524.75,527.00,528.634699156310517453,221527,3588,117106859.00,78969,35.65,9.60,-7.35
31-December-2024,535.45,537.20,523.40,529.15,529.108462418054335077,543958,11588,287812781.00,125745,23.12,13.80,-6.30
30-December-2024,507.05,558.70,501.60,539.70,527.551842634769615624,1544636,25599,814875568.00,568030,36.77,57.10,32.65
27-December-2024,510.05,513.65,504.25,506.95,508.659751447391288050,586918,12297,298541564.00,128472,21.89,9.40,-3.10
26-December-2024,498.00,515.70,495.65,507.20,507.322121988434311134,814651,15183,413290474.00,151002,18.54,20.05,9.20
24-December-2024,505.35,509.85,495.00,496.05,501.946822803496491897,241156,5449,121047488.00,85892,35.62,14.85,-9.30
23-December-2024,502.55,510.90,494.60,504.00,501.985848650100308038,498963,12997,250472365.00,112896,22.63,16.30,1.45
20-December-2024,510.35,527.00,492.00,498.45,512.382046332046332046,782180,19637,400774989.00,164134,20.98,35.00,-11.90
19-December-2024,510.65,516.40,507.00,508.45,511.041029520361664955,222084,5770,113494036.00,66160,29.79,9.40,-2.20
18-December-2024,524.05,529.80,517.65,521.10,522.248024096533062328,490029,12140,255916677.00,124456,25.40,12.15,-2.95
17-December-2024,529.00,541.75,522.00,524.90,531.197832501513483108,419562,7736,222870425.00,79137,18.86,19.75,-4.10
16-December-2024,538.15,539.00,522.50,529.00,532.534511825229186037,558171,10681,297245321.00,157793,28.27,16.50,-9.15
13-December-2024,544.95,544.95,531.90,536.95,537.648326299978542307,894784,13888,481079120.00,145557,16.27,13.05,-8.00
12-December-2024,519.25,561.85,513.30,540.05,543.511516114739600804,2787355,45951,1514959542.00,542030,19.45,48.55,20.80
11-December-2024,525.85,530.50,518.00,519.45,523.007682966214212732,529483,13738,276923677.00,171297,32.35,12.50,-6.40
10-December-2024,537.65,538.50,522.90,527.25,531.003566643733931998,220936,4972,117317804.00,67728,30.66,15.60,-10.40
9-December-2024,539.50,543.80,534.00,535.70,538.274875188275313510,590890,11726,318061241.00,171217,28.98,9.80,-3.80
6-December-2024,540.00,546.00,534.30,536.25,538.478608445516601094,262814,6140,141519717.00,86293,32.83,11.70,-3.75
5-December-2024,538.60,549.55,533.95,537.40,540.462502354247061699,499098,8669,269743754.00,102375,20.51,15.60,-1.20
4-December-2024,546.05,548.35,535.00,537.50,540.488584863608363099,845763,17858,457125247.00,299363,35.40,13.35,-8.55
3-December-2024,552.15,555.30,542.80,544.25,547.779910870965378133,1037148,20717,568128839.00,326495,31.48,12.50,-7.90
2-December-2024,564.70,566.00,543.25,549.00,551.329561485378469793,837874,17961,461944705.00,194119,23.17,22.75,-15.70
29-November-2024,563.40,587.70,542.45,554.55,568.255637539581451285,2673285,47689,1519109272.00,527877,19.75,45.25,-8.85
28-November-2024,535.05,583.75,532.05,560.20,561.624583764261191706,5422408,86530,3045357636.00,1096694,20.23,51.70,25.15
27-November-2024,435.50,525.30,432.10,523.80,491.610171793635889991,7178380,112762,3528964625.00,1619176,22.56,93.20,88.30
26-November-2024,450.00,455.65,433.25,437.75,441.123547828952788992,1966194,38268,867334473.00,403940,20.54,22.40,-12.25
25-November-2024,472.05,480.00,441.00,446.85,459.043532479583739879,2491519,47341,1143715683.00,617331,24.78,39.00,-25.20
22-November-2024,451.05,491.50,445.75,460.75,470.034740563212085141,4123278,69788,1938083905.00,1093445,26.52,45.75,9.70
21-November-2024,441.00,494.50,430.85,476.15,462.468786540742062343,4949099,109052,2288803809.00,1219822,24.65,63.65,35.15
19-November-2024,532.75,537.50,521.50,524.10,531.610786478409400745,187049,5190,99437266.00,57012,30.48,16.00,-8.65
18-November-2024,554.05,557.50,525.20,526.60,534.903633970340015389,570533,20335,305180175.00,186062,32.61,32.30,-27.45
14-November-2024,558.60,567.45,547.35,549.35,555.697253607604394747,461733,12981,256583760.00,91616,19.84,20.10,-9.25
13-November-2024,558.05,598.00,541.50,547.55,571.634618935712515802,633607,13948,362191696.00,74886,11.82,56.50,-10.50
12-November-2024,583.85,587.00,555.00,557.80,569.599411872524565080,125483,5136,71475043.00,49738,39.64,32.00,-26.05
11-November-2024,583.90,587.20,578.00,578.85,583.059509154502999394,102354,3666,59678473.00,48219,47.11,9.20,-5.05
8-November-2024,599.75,599.75,586.85,588.65,591.304231683041160983,77865,3549,46041904.00,33187,42.62,12.90,-11.10
7-November-2024,618.80,618.80,597.00,599.60,606.352063773731813531,220906,9896,133946809.00,87880,39.78,21.80,-19.20
6-November-2024,605.85,626.85,605.70,616.35,616.390696069512845446,191274,5815,117899514.00,50856,26.59,21.15,10.50
5-November-2024,583.85,607.50,581.00,603.35,592.093855465884079236,109040,3197,64561914.00,26806,24.58,26.50,19.50
4-November-2024,597.10,597.10,582.50,584.80,588.420170594346328394,109734,3629,64569699.00,35712,32.54,14.60,-12.30
1-November-2024,595.50,599.60,592.15,596.95,596.849714342988874411,99770,6082,59547696.00,47537,47.65,7.45,1.45
31-October-2024,599.05,609.10,589.90,592.85,597.453393406378808907,143381,4107,85663465.00,36027,25.13,19.20,-6.20
30-October-2024,594.00,599.50,584.45,591.45,592.984791300773513695,133805,3943,79344330.00,33665,25.16,15.05,-2.55
29-October-2024,578.05,596.25,578.05,591.80,589.472031227239813464,473689,12246,279226417.00,205009,43.28,18.20,13.75
28-October-2024,585.65,607.00,572.60,599.00,592.336274941028653300,538821,19119,319163224.00,136526,25.34,34.40,13.35
25-October-2024,605.10,612.50,584.75,592.35,594.042172497186504800,167052,5514,99235933.00,38174,22.85,27.75,-12.75
24-October-2024,587.05,612.00,586.00,604.60,602.215496768444213746,217697,6012,131100507.00,45704,20.99,26.00,17.55
23-October-2024,588.15,595.95,578.75,586.25,587.029032395056771458,259021,7797,152052847.00,57342,22.14,17.20,-1.90
22-October-2024,603.05,607.75,584.05,587.80,591.850641688406243652,438141,19333,259314032.00,180460,41.19,23.70,-15.25
21-October-2024,611.55,620.05,601.00,603.65,607.856406876885838389,241272,9239,146658731.00,94672,39.24,19.05,-7.90
18-October-2024,609.85,613.95,595.00,611.45,605.146822776777071941,312002,12336,188807019.00,101473,32.52,18.95,1.60
17-October-2024,625.55,628.00,607.65,609.15,615.873288839451242120,134850,5834,83050513.00,63663,47.21,20.35,-16.40
16-October-2024,632.95,635.75,621.85,625.55,626.792776467667866451,120855,5096,75751041.00,49731,41.15,13.90,-7.40
15-October-2024,638.05,640.55,632.00,633.40,634.829106217165918658,57486,2788,36493786.00,24621,42.83,8.55,-4.65
14-October-2024,642.00,645.65,631.25,634.35,638.230786485349782700,106995,4693,68287503.00,35291,32.98,14.40,-7.65
11-October-2024,645.00,645.00,637.25,641.75,641.483286783742077004,78411,3252,50299346.00,28496,36.34,7.75,-3.25
10-October-2024,642.75,648.00,631.05,645.00,638.478867921496798656,124479,3744,79477211.00,43767,35.16,16.95,2.25
9-October-2024,648.20,648.90,632.00,634.15,641.618438039163640312,165766,7047,106358522.00,68544,41.35,16.90,-14.05
8-October-2024,625.30,646.10,613.75,640.65,634.319899209712518611,218275,5660,138456176.00,54985,25.19,32.35,15.35
7-October-2024,641.05,645.00,614.00,625.30,624.570041713782188252,264421,7645,165149435.00,90943,34.39,31.00,-15.75
4-October-2024,635.05,647.80,635.00,642.00,641.670481394348738964,395310,12567,253658758.00,146475,37.05,12.80,6.95
3-October-2024,648.95,652.35,631.20,645.50,640.449930615158782997,498668,19693,319371886.00,221583,44.43,21.15,-3.45
1-October-2024,653.25,660.60,651.80,653.40,655.557996884644781780,103359,3271,67757819.00,49621,48.01,8.80,0.15
30-September-2024,654.30,662.35,648.50,656.05,655.151668228431152582,303076,11064,198560747.00,93535,30.86,13.85,1.75
27-September-2024,664.20,674.00,647.00,654.30,662.682820440474916409,308349,11572,204337585.00,111506,36.16,27.00,-9.90
26-September-2024,666.15,668.55,660.00,665.40,663.690466559732198898,71695,2792,47583288.00,27436,38.27,8.55,-0.75
25-September-2024,668.05,676.80,660.70,667.30,668.300623241516175299,272607,10038,182183428.00,115313,42.30,16.10,-0.75
24-September-2024,671.75,680.00,667.25,676.05,673.775217470779884087,186002,5590,125323538.00,66211,35.60,12.75,4.30
23-September-2024,665.30,674.50,661.00,671.75,667.601490785199830532,226592,7749,151273157.00,63832,28.17,13.50,6.45
20-September-2024,652.40,669.95,648.65,665.10,659.122643254920662220,383739,18298,252931064.00,191815,49.99,21.30,12.70
19-September-2024,656.95,658.25,637.05,649.80,647.531523118306856823,197030,6569,127583136.00,52096,26.44,21.20,-7.15
18-September-2024,664.95,668.10,650.00,651.30,657.596480868412621633,159187,4817,104680811.00,48637,30.55,18.10,-13.65
17-September-2024,666.00,673.95,652.30,666.20,661.866221940125597661,549851,17926,363927804.00,171265,31.15,21.65,0.20
16-September-2024,660.95,681.30,650.15,666.00,669.147802039476843773,1749076,51182,1170390361.00,618473,35.36,31.15,5.05
13-September-2024,647.65,647.65,630.45,633.55,638.638606796463977667,447056,17156,285507221.00,186318,41.68,17.20,-14.10
12-September-2024,635.70,654.60,623.25,651.35,640.917445423104538802,364898,10697,233869494.00,86278,23.64,31.35,15.65
11-September-2024,637.00,640.00,625.00,626.80,632.906292213709062673,282047,11823,178509321.00,116813,41.42,15.00,-10.20
10-September-2024,641.35,645.95,633.75,637.20,638.843554589490050883,384607,12009,245703703.00,110508,28.73,12.20,-4.15
9-September-2024,638.70,644.75,621.20,635.50,634.127903363015520597,759378,20468,481542779.00,344130,45.32,23.55,-3.20
6-September-2024,644.95,648.00,631.35,635.05,638.679911845892106824,407922,15477,260531587.00,141128,34.60,16.65,-9.90
5-September-2024,651.75,655.75,640.95,643.90,648.783462006751895511,144552,4252,93782947.00,45940,31.78,14.80,-7.85
4-September-2024,655.95,659.00,649.15,650.70,652.390306823832226739,170945,4707,111522861.00,55957,32.73,9.85,-5.25
3-September-2024,670.00,672.00,656.40,658.55,662.458976139932107883,408884,12115,270868876.00,123947,30.31,15.60,-11.45
2-September-2024,639.65,684.90,628.00,670.45,661.660062636570945443,1007718,21141,666766755.00,140210,13.91,56.90,30.80
30-August-2024,646.65,649.95,629.30,631.95,636.970949163580121291,196552,7128,125197914.00,97465,49.59,20.65,-14.70
29-August-2024,641.40,649.65,629.00,644.15,636.856824200992142657,318301,8568,202712164.00,106855,33.57,20.65,2.75
28-August-2024,658.25,658.70,638.60,641.45,648.840546845911924774,504932,20419,327620355.00,234720,46.49,20.10,-16.80
27-August-2024,665.00,671.75,651.60,654.15,661.982391068934309165,191153,5790,126539920.00,69358,36.28,20.15,-10.85
26-August-2024,675.80,678.85,660.00,661.40,667.972606528639961313,545933,19437,364668289.00,241206,44.18,18.85,-14.40
23-August-2024,685.50,689.00,674.00,675.85,679.999502195525152608,482117,12531,327839320.00,147342,30.56,15.00,-9.65
22-August-2024,692.05,697.95,671.05,673.85,682.801614943695628406,192081,7404,131153217.00,111451,58.02,26.90,-18.20
21-August-2024,690.65,701.00,690.65,694.95,696.384507967800229998,170436,4126,118688990.00,39629,23.25,10.35,4.30
20-August-2024,699.00,701.95,692.10,694.80,696.461202285993704348,163605,4105,113944535.00,47020,28.74,9.85,-4.20
19-August-2024,699.00,706.50,693.25,696.65,698.343260831568550140,246017,5800,171804314.00,56286,22.88,13.25,-2.35
16-August-2024,683.75,700.70,671.30,697.30,681.736700039628834837,267482,6561,182352296.00,52851,19.76,29.40,13.55
14-August-2024,688.25,690.00,671.40,673.95,680.077380569056106310,263981,7339,179527507.00,82224,31.15,18.60,-14.30
13-August-2024,691.25,702.60,686.00,689.15,693.951278407092098782,355325,9513,246578238.00,90292,25.41,16.60,-2.10
12-August-2024,660.05,695.10,619.00,690.55,671.356020952113779592,1618357,35414,1086493716.00,354059,21.88,76.10,30.50
9-August-2024,698.45,703.25,692.00,695.10,696.184587277017940064,197045,6709,137179692.00,43227,21.94,11.25,-3.35
8-August-2024,694.80,700.00,686.10,691.05,694.375156872980086849,180082,6030,125044467.00,47303,26.27,13.90,-3.75
7-August-2024,700.00,703.40,688.25,690.90,694.442999139156373245,199804,6989,138752489.00,70485,35.28,15.15,-9.10
6-August-2024,692.15,706.95,682.50,687.25,696.213781425291187072,408071,10701,284104654.00,111876,27.42,24.45,-4.90
5-August-2024,685.20,719.50,685.20,690.80,701.517161195490938918,1336154,46328,937334961.00,561664,42.04,34.30,5.60
2-August-2024,729.75,740.50,721.00,726.40,730.273599309196941444,319628,8447,233415890.00,81776,25.58,19.50,-3.35
1-August-2024,719.50,752.15,715.30,737.75,732.281790526419896416,2012101,48503,1473424923.00,695673,34.57,36.85,18.25
31-July-2024,734.70,748.85,713.00,734.50,737.590790236603385392,534650,13276,394352916.00,139980,26.18,35.85,-0.20
30-July-2024,721.35,734.90,717.00,729.15,728.653005997367009605,779342,24015,567869891.00,358385,45.99,17.90,7.80
29-July-2024,719.70,724.85,715.10,716.75,719.526593307451596060,563074,13863,405146717.00,223907,39.77,9.75,-2.95
26-July-2024,704.95,727.90,699.40,713.05,713.877311272984613882,409785,9396,292536214.00,119049,29.05,28.50,8.10
25-July-2024,692.05,709.20,686.15,694.90,695.891938016557096531,440053,14009,306229335.00,126044,28.64,23.05,2.85
24-July-2024,697.00,709.25,692.95,694.75,699.493011742370605788,190677,6244,133377229.00,61198,32.10,16.30,-2.25
23-July-2024,704.00,728.70,646.25,696.95,705.941493534625757676,1537266,45083,1085219856.00,365203,23.76,82.45,-7.05
22-July-2024,693.75,710.00,682.50,696.15,698.414966435048875279,212275,6701,148256037.00,50526,23.80,27.50,2.40
19-July-2024,700.00,702.45,690.00,694.25,694.577879909833097793,171238,6220,118938127.00,55173,32.22,12.45,-5.75
18-July-2024,714.40,714.40,696.35,699.35,702.155831091355714118,213725,8337,150068255.00,103752,48.54,18.05,-15.05
16-July-2024,710.05,731.00,709.00,712.15,715.847828201133285038,503845,15231,360676349.00,159596,31.68,22.00,2.10
15-July-2024,714.55,714.55,705.25,708.70,710.027542889614716361,397707,13601,282382924.00,160816,40.44,9.30,-5.85
12-July-2024,722.00,726.00,708.00,710.05,715.456297641214579012,452733,17234,323910676.00,199823,44.14,18.00,-11.95
11-July-2024,730.75,732.20,716.00,721.20,725.502257227386556578,176101,5581,127761673.00,61507,34.93,16.20,-9.55
10-July-2024,734.00,737.85,714.20,727.35,725.073482140306856707,910262,21950,660006838.00,257922,28.33,23.65,-6.65
9-July-2024,697.05,745.00,696.00,725.35,728.900105461378387618,5943408,22907,4332150718.00,5327403,89.64,49.00,28.30
8-July-2024,707.15,712.00,693.05,697.95,700.319362734929261917,241030,9958,168797976.00,109493,45.43,18.95,-9.20
5-July-2024,710.95,714.70,706.75,708.85,709.962320048523459194,484714,22141,344128676.00,267046,55.09,7.95,-2.10
4-July-2024,715.35,718.50,710.50,712.30,714.801250318237107861,141404,5265,101075756.00,68065,48.14,8.00,-3.05
3-July-2024,711.55,721.85,711.15,715.00,714.967764195331648235,391273,15846,279747582.00,204082,52.16,10.70,3.45
2-July-2024,716.05,733.00,708.45,710.80,719.696839406820910536,739608,23273,532293540.00,231594,31.31,24.55,-5.25
1-July-2024,718.60,722.75,712.70,717.80,718.272042256876612370,146911,6170,105522064.00,54912,37.38,10.05,-0.80
28-June-2024,717.95,728.00,715.05,718.20,721.064376827330640381,200771,7509,144768816.00,84377,42.03,12.95,0.25
27-June-2024,720.75,728.00,710.15,715.30,716.777801476036958346,365709,18361,262132093.00,187538,51.28,17.85,-5.45
26-June-2024,725.00,730.00,719.00,720.00,722.725105161964064375,307383,17067,222153411.00,166819,54.27,11.00,-5.00
25-June-2024,738.05,744.30,724.00,725.55,732.117435830257449546,129773,7395,95009076.00,75851,58.45,20.30,-12.50
24-June-2024,729.75,745.00,720.15,737.95,733.225202438249590927,166841,9101,122332026.00,57853,34.68,24.85,8.20
21-June-2024,742.05,744.00,730.00,733.45,738.612421296369720711,126106,8961,93143458.00,59504,47.19,14.00,-8.60
20-June-2024,743.95,746.95,735.00,742.00,741.803255975060616556,153011,9136,113504058.00,74882,48.94,11.95,-1.95
19-June-2024,749.15,750.00,720.00,738.00,730.623358161782055352,343289,23382,250814962.00,161503,47.05,30.00,-11.15
18-June-2024,753.90,758.00,741.95,747.80,749.846314477694885569,534429,25481,400739616.00,390914,73.15,16.05,-6.10
14-June-2024,754.05,760.00,745.30,746.90,749.725529889296356506,581914,25766,436275782.00,325804,55.99,14.70,-7.15
13-June-2024,763.65,769.75,750.20,753.85,756.335638620440499077,232509,10976,175854843.00,116326,50.03,19.55,-9.80
12-June-2024,766.00,768.00,754.55,761.85,760.946966402087637273,257516,11940,195956019.00,139169,54.04,13.45,-4.15
11-June-2024,775.10,779.95,760.00,762.75,766.493719065411490683,659456,28192,505468882.00,343397,52.07,19.95,-12.35
10-June-2024,788.95,810.55,766.85,769.85,786.290809376471720184,1184838,38709,931627230.00,551336,46.53,43.70,-19.10
7-June-2024,746.90,772.20,733.40,767.25,760.483269076625670524,551434,20781,419356331.00,179331,32.52,38.80,20.35
6-June-2024,749.00,790.00,743.70,749.20,768.810312772419042525,1166631,47033,896917944.00,425705,36.49,46.30,0.20
5-June-2024,738.35,778.50,638.90,726.15,693.528125854522035906,7259175,167253,5034442033.00,4442905,61.20,139.60,-12.20
4-June-2024,875.95,875.95,700.00,723.85,778.838442679690978719,11062798,294342,8616132366.00,2556298,23.11,175.95,-152.10
3-June-2024,875.00,896.75,825.75,875.00,870.887136306937228432,5373659,145745,4679850498.00,1368214,25.46,71.00,0.00
31-May-2024,708.80,797.55,704.75,756.65,753.514339953990312533,1989581,48585,1499177814.00,292067,14.68,92.80,47.85
30-May-2024,679.55,709.00,675.75,698.20,697.718438577964129652,1023631,26624,714206223.00,329090,32.15,33.25,18.65
29-May-2024,677.25,684.10,666.15,679.60,675.555501127848294846,418496,11367,282717275.00,133946,32.01,17.95,2.35
28-May-2024,707.70,712.00,675.50,678.65,689.223649103621460431,395034,13074,272266775.00,172528,43.67,36.50,-29.05
27-May-2024,709.95,717.00,702.35,704.55,708.740540522937542538,307073,9086,217635084.00,90673,29.53,14.65,-5.40
24-May-2024,713.70,720.10,703.30,706.95,712.169353831360284326,424301,12117,302174169.00,124260,29.29,16.80,-6.75
23-May-2024,700.75,720.00,686.00,710.95,705.628989281347856642,1208081,35687,852456975.00,348642,28.86,34.00,10.20
22-May-2024,689.30,715.00,685.55,691.65,699.439910220101358242,1152151,31382,805860392.00,348092,30.21,29.45,2.35
21-May-2024,634.75,691.95,626.55,680.25,669.091616522313094578,1640763,46685,1097820768.00,652884,39.79,65.40,45.50
18-May-2024,639.95,641.85,633.75,634.75,637.253989159617040676,39482,2060,25160062.00,24811,62.84,8.10,-5.20
17-May-2024,640.75,640.75,629.20,635.75,635.205870994956006154,168319,5486,106917217.00,65638,39.00,11.55,-5.00
16-May-2024,646.85,651.60,632.00,639.95,640.008197302254344552,578483,17549,370233862.00,196572,33.98,19.60,-6.90
15-May-2026,229.70,229.70,213.95,221.25,220.680446721259541649,4103588,25912,905581633.00,1406763,34.28,15.75,-8.45
14-May-2026,216.50,225.60,216.00,224.55,221.695946652970897442,3851311,26843,853820038.00,2060923,53.51,9.60,8.05
13-May-2026,209.55,217.80,208.70,213.90,213.474007602667165202,2086110,14078,445330262.00,596375,28.59,9.10,4.35
12-May-2026,222.15,224.60,208.00,209.60,214.488110769415932699,5184608,41322,1112036775.00,2913090,56.19,16.60,-12.55
11-May-2026,225.10,225.10,217.85,222.10,221.661011400091183002,1805161,12001,400133813.00,820758,45.47,7.25,-3.00
8-May-2026,231.30,231.35,224.10,225.15,227.918674574670086001,1261844,9374,287597812.00,540102,42.80,7.25,-6.15
7-May-2026,230.25,233.45,229.55,230.15,231.225814738822803388,1451907,9530,335718379.00,543777,37.45,3.90,-0.10
6-May-2026,234.25,234.25,224.25,229.10,227.766499058923738476,2183670,13837,497366871.00,714516,32.72,10.00,-5.15
5-May-2026,227.75,234.35,227.40,229.90,230.647834710536906670,3674959,27271,847621336.00,1527209,41.56,6.95,2.15
4-May-2026,222.55,233.90,221.90,227.50,227.442878276514601753,5753179,33801,1308519591.00,2595470,45.11,12.00,4.95
30-April-2026,217.85,223.50,214.20,222.05,218.852640238363628540,2951457,20562,645934157.00,996736,33.77,9.30,4.20
29-April-2026,225.75,226.25,215.55,219.10,222.369976214833259330,4089944,24009,909480750.00,1957706,47.87,10.70,-6.65
28-April-2026,219.50,224.65,219.00,223.55,222.093908265349399995,2565312,16995,569740168.00,1113706,43.41,5.65,4.05
27-April-2026,215.20,222.05,214.75,218.05,218.789944237906192992,4638097,27398,1014768984.00,2109678,45.49,7.30,2.85
24-April-2026,215.30,217.00,207.00,213.05,211.795235806041276557,4642926,31105,983349607.00,2073225,44.65,10.00,-2.25
23-April-2026,217.00,217.30,212.45,214.25,215.400533256842945001,3186457,20927,686364537.00,1256368,39.43,4.85,-2.75
22-April-2026,203.60,216.40,203.40,215.45,211.120821112457326269,7361379,47597,1554140379.00,3584724,48.70,13.00,11.85
21-April-2026,203.75,207.20,201.95,203.05,204.016040298552361044,2858862,15988,583253705.00,1114841,39.00,5.25,-0.70
20-April-2026,199.15,207.40,197.40,200.80,202.659017422746200683,3796933,25616,769482711.00,1221774,32.18,10.00,1.65
17-April-2026,197.00,199.90,190.75,198.40,195.347079801602833511,3896225,28072,761116176.00,1357403,34.84,9.15,1.40
16-April-2026,184.20,194.30,183.35,193.10,188.044362523158760168,3167268,31494,595586892.00,1392629,43.97,10.95,8.90
15-April-2026,184.65,187.15,181.55,183.30,184.733591226887177485,3803895,24693,702707184.00,1884616,49.54,5.60,-1.35
13-April-2026,172.20,184.40,170.40,181.40,180.452692462032832780,4792101,21404,864747528.00,2485335,51.86,14.00,9.20
10-April-2026,173.50,178.05,172.15,175.70,175.301339777816504399,2381365,16882,417456475.00,848313,35.62,5.90,2.20
9-April-2026,169.00,173.50,167.55,172.00,170.949619984369505385,3247498,13253,555158549.00,2090475,64.37,5.95,3.00
8-April-2026,167.25,174.25,166.20,169.20,169.120235929250522845,8464741,35294,1431558995.00,5767089,68.13,8.05,1.95
7-April-2026,163.45,165.70,161.50,163.40,164.160592205353963681,1235720,9514,202856527.00,559466,45.27,4.20,-0.05
6-April-2026,162.40,165.00,161.00,163.15,163.350896678482342129,2285100,18389,373273134.00,1153305,50.47,4.00,0.75
2-April-2026,154.70,160.25,150.65,159.90,155.288041157496587425,1810217,11458,281105052.00,776763,42.91,9.60,5.20
1-April-2026,153.30,158.10,153.30,157.10,155.943211281213930461,3345101,20557,521645792.00,2121317,63.42,4.80,3.80
30-March-2026,152.00,156.40,149.85,150.50,152.717469197378267885,1171897,9756,178969144.00,400092,34.14,6.55,-1.50
27-March-2026,153.35,155.30,151.45,153.85,153.495017322034717665,2771903,16770,425473299.00,1875273,67.65,3.85,0.50
25-March-2026,153.20,158.10,152.15,153.65,154.890031876585193961,1722581,11808,266810626.00,688560,39.97,5.95,0.45
24-March-2026,151.20,153.85,147.35,150.10,150.524421367747358899,1751069,15484,263578648.00,883090,50.43,6.50,-1.10
23-March-2026,152.95,152.95,144.70,148.05,148.291153278563534101,1587006,16592,235338950.00,623004,39.26,8.25,-4.90
20-March-2026,151.80,157.00,150.55,151.50,154.710384829253116817,2645407,18182,409271935.00,1498953,56.66,6.45,-0.30
19-March-2026,151.25,155.45,150.35,151.05,152.375055225164554644,2141234,13725,326270649.00,1013697,47.34,5.10,-0.20
18-March-2026,156.00,156.55,151.25,154.10,154.157619891947946131,1296042,9086,199794750.00,485450,37.46,5.30,-1.90
17-March-2026,155.80,157.50,153.65,155.50,155.745852833338301487,2952136,24874,459782939.00,1753189,59.39,3.85,-0.30
16-March-2026,150.00,154.95,146.30,154.10,151.597543480217277163,6233697,43921,945013152.00,3388289,54.35,8.65,4.10
13-March-2026,150.90,153.85,145.35,146.70,149.971181259755277384,2294271,16214,344074532.00,581067,25.33,8.50,-4.20
12-March-2026,139.00,152.00,137.25,149.10,146.335326043984060076,5299147,32418,775452404.00,2512417,47.41,14.75,10.10
11-March-2026,139.35,142.00,138.65,138.85,140.182769714799317775,1336217,10545,187314600.00,528525,39.55,3.35,-0.50
10-March-2026,141.50,142.00,138.65,138.95,139.358376030446067158,743610,7401,103628282.00,431505,58.03,3.35,-2.55
9-March-2026,136.80,139.75,135.15,139.20,137.827424220498035243,718664,5661,99051608.00,326550,45.44,4.60,2.40
6-March-2026,140.05,142.60,138.45,138.90,140.526221932095514327,674035,4170,94719592.00,286393,42.49,4.15,-1.15
5-March-2026,139.25,140.50,138.15,140.05,139.182266642448670767,864371,7235,120305115.00,561320,64.94,2.35,0.80
4-March-2026,134.00,139.20,134.00,137.85,136.569327773898192689,1079726,6773,147457454.00,455025,42.14,5.20,3.85
2-March-2026,130.15,138.65,130.15,137.95,135.943568645629835656,1812060,12029,246337903.00,698396,38.54,8.50,7.80
27-February-2026,140.15,141.65,139.65,140.10,140.671891652379407812,690592,6036,97146883.00,394983,57.19,2.00,-0.05
26-February-2026,140.60,142.00,140.50,141.40,141.193359566128791351,388318,2435,54827923.00,197327,50.82,1.50,0.80
25-February-2026,145.00,145.50,139.80,140.50,142.261518893564072758,977264,5917,139027061.00,403767,41.32,5.70,-4.50
24-February-2026,143.65,144.70,142.40,144.20,143.379335305443893776,414446,3867,59422992.00,164812,39.77,2.30,0.55
23-February-2026,145.00,145.75,142.70,144.00,144.029044847264820107,526565,3900,75840654.00,212457,40.35,3.05,-1.00
20-February-2026,140.25,144.30,139.35,142.65,142.227873411417938822,1188796,8789,169079927.00,641824,53.99,4.95,2.40
19-February-2026,145.55,146.55,140.10,140.55,142.806657847198456763,587337,5531,83875634.00,348292,59.30,6.45,-5.00
18-February-2026,144.70,145.15,142.20,144.45,143.665844972037325171,705047,5995,101291173.00,391689,55.56,2.95,-0.25
17-February-2026,142.10,144.95,141.60,144.35,143.715828333868058136,1181293,8981,169770502.00,776927,65.77,3.35,2.25
16-February-2026,140.10,143.65,139.05,142.80,141.943076181568298083,1257312,9084,178466733.00,521747,41.50,4.60,2.70
13-February-2026,149.05,149.10,139.20,139.90,142.120284198390683811,2371442,26388,337030011.00,1314314,55.42,9.90,-9.15
12-February-2026,150.85,150.85,148.75,149.80,149.676437657450315678,450142,3500,67375651.00,214897,47.74,2.10,-1.05
11-February-2026,149.20,151.20,147.75,150.85,149.522732578233478653,1319384,8458,197277901.00,746552,56.58,3.45,1.65
10-February-2026,152.70,152.70,147.80,149.10,149.546879954975674959,923945,8390,138173092.00,378501,40.97,4.90,-3.60
9-February-2026,153.70,154.85,150.80,151.30,152.688488411904267057,995979,8043,152074528.00,512048,51.41,4.05,-2.40
6-February-2026,152.00,154.15,150.00,152.65,152.408364881405004046,983684,6979,149921670.00,378272,38.45,4.15,0.65
5-February-2026,156.00,156.90,151.10,153.40,153.252176688739083355,2108363,14468,323111219.00,890061,42.22,5.80,-2.60
4-February-2026,144.60,156.00,143.10,155.20,152.133413583945129340,9210314,54351,1401196509.00,5200504,56.46,12.90,10.60
3-February-2026,145.00,149.00,140.60,143.65,144.607846560927397558,4123539,23761,596296095.00,1460636,35.42,8.40,-1.35
2-February-2026,133.65,134.95,130.65,134.55,132.962386536984345079,1848620,35447,245796927.00,839033,45.39,4.30,0.90
1-February-2026,136.50,137.90,131.90,132.85,134.763594537471582630,813323,7147,109606331.00,295120,36.29,6.00,-3.65
30-January-2026,132.75,136.40,131.95,135.20,133.952454268991549123,1308740,16968,175308935.00,542906,41.48,4.45,2.45
29-January-2026,135.35,136.50,132.60,133.75,134.420641563882182460,3222033,29951,433107743.00,1418441,44.02,3.90,-1.60
28-January-2026,135.00,136.00,133.55,134.85,134.248145460459282677,1623314,21551,217926894.00,817173,50.34,2.45,-0.15
27-January-2026,134.65,137.60,133.00,134.50,135.267180137633970785,2986472,23173,403971646.00,1104985,37.00,4.60,-0.15
23-January-2026,141.30,142.90,128.35,133.05,134.285613240595818889,4039214,25366,542408329.00,1466504,36.31,14.55,-8.25
22-January-2026,139.05,141.50,139.00,140.80,140.198935622095542504,1391611,14553,195102381.00,770301,55.35,2.50,1.75
21-January-2026,137.35,139.60,134.80,137.65,137.383103867049392870,1632847,9801,224325589.00,495196,30.33,4.80,0.30
20-January-2026,141.90,142.35,136.55,137.45,139.824281140621065841,2009642,17918,280996748.00,1005072,50.01,5.80,-4.45
19-January-2026,141.70,142.40,140.05,140.65,141.169949196008294320,1173333,12217,165639360.00,766267,65.31,2.35,-1.05
16-January-2026,142.60,144.45,142.00,142.70,143.240710317022130412,742598,6161,106370265.00,357743,48.17,2.45,0.10
14-January-2026,143.15,143.40,141.55,142.70,142.483276135839778722,449029,4156,63979123.00,200735,44.70,1.85,-0.45
13-January-2026,142.90,144.30,142.00,143.35,142.964473102311131979,732628,6754,104739776.00,350482,47.84,2.30,0.45
12-January-2026,141.50,143.40,139.50,142.45,141.219825975620909055,1530820,12953,216182134.00,860121,56.19,3.90,0.95
9-January-2026,142.85,143.95,140.50,141.85,142.145403653969710298,1589121,13941,225886246.00,834407,52.51,3.45,-1.00
8-January-2026,146.40,147.55,142.15,142.95,144.858947084815174048,927900,7439,134414617.00,343924,37.06,5.40,-3.45
7-January-2026,147.10,148.45,145.80,146.35,146.717268345438573822,920951,9597,135119415.00,497429,54.01,2.65,-0.75
6-January-2026,147.35,149.10,146.70,147.60,147.864381149958038315,1827858,12168,270275092.00,811045,44.37,2.40,0.25
5-January-2026,148.00,148.45,144.45,146.20,146.181080051766879776,1134316,8583,165815538.00,367087,32.36,4.00,-1.80
2-January-2026,149.00,149.85,147.30,148.15,148.406042975969851529,1611226,12688,239115675.00,827642,51.37,2.55,-0.85
1-January-2026,143.00,153.20,142.75,148.85,149.803886785398100061,6959067,35427,1042495285.00,2742845,39.41,10.45,5.85
31-December-2025,144.70,144.70,142.60,143.00,143.551097182362918229,1022346,10215,146758890.00,524473,51.30,2.10,-1.70
30-December-2025,140.30,145.20,139.60,144.70,142.938501408524350150,1529970,14466,218691619.00,912573,59.65,5.60,4.40
29-December-2025,142.50,142.50,140.00,140.65,140.776681270274065979,583874,7060,82195844.00,339644,58.17,2.50,-1.85
26-December-2025,143.00,144.35,141.90,142.15,142.994206910026376632,1228360,9989,175648364.00,693303,56.44,2.45,-0.85
24-December-2025,144.45,144.75,142.65,143.20,143.340077685531861016,442296,4372,63398743.00,217728,49.23,2.10,-1.25
23-December-2025,143.60,144.50,142.25,144.15,143.419745174868306083,914431,8722,131147461.00,512086,56.00,2.25,0.55
22-December-2025,141.70,143.70,141.70,143.25,143.104062126389062901,470911,5009,67389277.00,217889,46.27,2.00,1.55
19-December-2025,141.25,142.20,140.65,141.70,141.513724383994538250,978441,6815,138462830.00,556902,56.92,1.55,0.45
18-December-2025,142.80,143.00,140.75,141.30,141.590649875463532666,844331,8444,119549375.00,458229,54.27,2.25,-1.50
17-December-2025,145.50,145.60,142.05,143.15,143.204935252349816101,626432,6023,89708154.00,306727,48.96,3.55,-2.35
16-December-2025,144.45,145.85,143.90,145.30,144.955413476382802875,1282540,9926,185911116.00,634973,49.51,1.95,0.85
15-December-2025,144.65,145.35,142.35,144.40,144.264597209878269205,600834,5670,86679075.00,245346,40.83,3.00,-0.25
12-December-2025,141.45,145.00,141.40,144.45,143.005608647685488503,767743,5488,109791555.00,344241,44.84,3.60,3.00
11-December-2025,141.20,142.00,139.25,140.55,140.624278058013934818,990038,9165,139223379.00,486297,49.12,2.75,-0.65
10-December-2025,142.05,143.50,140.65,141.20,142.022542333682510499,1029086,8608,146153410.00,526611,51.17,2.85,-0.85
9-December-2025,139.55,142.90,135.00,142.00,138.823640818810805651,2221319,18488,308371591.00,1049527,47.25,7.90,2.45
8-December-2025,144.50,145.00,138.15,139.05,140.563915754922353584,1032179,9959,145087122.00,569090,55.13,6.85,-5.45
5-December-2025,142.75,144.15,142.40,143.75,143.164139905583401328,1098112,9614,157210260.00,698912,63.65,1.75,1.00
4-December-2025,144.85,146.80,142.25,142.75,144.592201136016272355,1220229,11922,176435597.00,652404,53.47,4.55,-2.10
3-December-2025,146.65,147.70,144.55,145.05,146.202419881690695447,558705,5765,81684023.00,236438,42.32,3.15,-1.60
2-December-2025,147.15,148.20,146.05,146.75,146.965391770068889388,1027299,9233,150977400.00,636261,61.94,2.15,-0.40
1-December-2025,147.90,148.85,147.00,147.35,147.945387516573897388,1047581,10991,154984777.00,619120,59.10,1.85,-0.55
28-November-2025,148.45,149.05,147.15,147.50,148.012796267025524850,1004668,11794,148703720.00,566521,56.39,1.90,-0.95
27-November-2025,149.05,150.75,147.50,148.25,149.448884263418719331,737943,6465,110284758.00,347161,47.04,3.25,-0.80
26-November-2025,147.45,148.90,146.40,148.60,147.779714583794747455,686296,5465,101420627.00,303888,44.28,2.50,1.15
25-November-2025,144.75,148.30,144.75,146.80,146.631330690219494492,1286866,10590,188694874.00,667314,51.86,3.55,2.05
24-November-2025,149.65,150.40,144.95,145.50,147.732194732089515129,1387609,15030,204994523.00,782151,56.37,5.45,-4.15
21-November-2025,151.50,151.50,148.80,149.15,149.798600073358601296,588888,5435,88214598.00,325745,55.32,2.70,-2.35
20-November-2025,152.45,153.45,151.05,151.45,152.391468143261740131,707935,5482,107883254.00,345806,48.85,2.40,-1.00
19-November-2025,150.45,152.75,150.25,151.55,151.636997542830869883,1061384,7287,160945083.00,415145,39.11,2.50,1.10
18-November-2025,153.20,153.90,149.20,149.60,151.191801204189727655,1932918,15268,292241354.00,986983,51.06,4.70,-3.60
17-November-2025,155.55,155.55,153.00,153.35,153.753901281390517440,816847,6097,125593413.00,381997,46.76,2.55,-2.20
14-November-2025,152.65,156.00,152.30,153.90,154.304702981825981413,2554911,13975,394234783.00,1261528,49.38,3.70,1.25
13-November-2025,152.00,154.15,151.50,151.90,152.777571777987868923,1086301,6687,165962429.00,401137,36.93,2.65,-0.10
12-November-2025,154.20,154.20,150.70,151.95,152.305958461210693906,1389352,7691,211606588.00,566903,40.80,3.50,-2.25
11-November-2025,150.80,151.90,146.75,151.15,149.563128716510385445,2056869,12150,307631763.00,801934,38.99,5.15,0.35
10-November-2025,153.20,154.50,149.45,150.05,152.305973452983965467,2136888,15996,325460807.00,1180574,55.25,5.05,-3.15
7-November-2025,152.15,154.75,151.00,151.50,152.787475541622817421,3052124,21899,466326321.00,1340497,43.92,3.75,-0.65
6-November-2025,158.45,158.50,152.50,153.20,154.795415593599638244,2423738,21139,375183531.00,1333159,55.00,6.00,-5.25
4-November-2025,156.35,159.60,153.30,158.45,156.731611345522899449,2902537,31392,454919301.00,1062022,36.59,6.30,2.10
3-November-2025,158.05,159.00,156.15,156.70,157.804575959547569708,2346262,18836,370250880.00,1073865,45.77,2.85,-1.35
31-October-2025,161.60,161.80,157.50,157.90,159.168922371033870688,2918305,19621,464503462.00,1425960,48.86,4.30,-3.70
30-October-2025,163.50,164.60,160.15,162.50,162.216504211033836172,5983685,34082,970652463.00,3041330,50.83,4.45,-1.00
29-October-2025,162.80,168.40,161.80,162.10,164.715417915880847293,6617827,37940,1090058140.00,2784254,42.07,6.60,-0.70
28-October-2025,163.95,164.15,161.30,162.35,162.672700118287752251,2919998,22175,475003959.00,1245227,42.64,2.85,-1.60
27-October-2025,168.40,169.85,162.55,163.05,165.826537396668166857,2839638,27706,470887337.00,1375792,48.45,7.30,-5.35
24-October-2025,164.65,169.25,164.15,167.70,167.624791051122825282,4364704,30713,731632596.00,1870792,42.86,5.10,3.05
23-October-2025,171.20,172.25,164.25,165.30,168.186177612455177625,3284353,28218,552382777.00,1480053,45.06,8.00,-5.90
21-October-2025,171.75,174.50,168.20,170.30,171.967466925134964247,3000239,25345,515943501.00,1200621,40.02,6.30,-1.45
20-October-2025,168.40,172.00,166.70,170.25,169.790350817014238114,6355336,38434,1079074729.00,2343839,36.88,5.30,1.85
17-October-2025,157.50,168.00,156.80,165.90,164.559341509102254363,13088351,103869,2153810422.00,6044284,46.18,11.20,8.40
16-October-2025,156.80,158.65,155.55,157.30,156.048100567576419070,104355463,32185,16284471785.00,96127747,92.12,3.10,0.50
15-October-2025,155.00,157.95,150.50,157.55,154.905201339684595794,3230014,19987,500345969.00,1226387,37.97,7.45,2.55
14-October-2025,155.25,157.50,152.95,154.85,155.128797488681060786,3160411,22065,490270758.00,1158160,36.65,4.55,-0.40
13-October-2025,148.20,155.75,147.60,154.35,152.640407884744989126,3558162,19780,543119299.00,1453087,40.84,8.15,6.15
10-October-2025,149.00,150.80,147.85,149.55,149.181434692986276221,1618869,12617,241505200.00,670808,41.44,2.95,0.55
9-October-2025,149.60,149.95,147.50,148.90,148.627890908940710058,2663133,18199,395815841.00,1047204,39.32,2.45,-0.70
8-October-2025,151.80,152.50,148.45,148.80,150.113235896715530094,27471739,43373,4123871637.00,21109737,76.84,4.05,-3.00
7-October-2025,151.60,155.45,150.45,151.45,153.182560820291008363,5252770,32806,804632760.00,2208119,42.04,5.00,-0.15
6-October-2025,148.35,152.95,147.35,152.00,150.705095384981491640,7227815,38023,1089268549.00,3589414,49.66,5.60,3.65
3-October-2025,152.10,153.30,143.90,147.50,146.541395041226714395,9543933,115689,1398581256.00,3076320,32.23,9.40,-4.60
1-October-2025,144.80,153.20,144.80,152.45,149.742731223208676535,7298305,44392,1092868124.00,3775993,51.74,8.40,7.65
30-September-2025,147.90,148.10,143.90,144.65,144.857580183750097533,2742638,23981,397291904.00,1280567,46.69,4.20,-3.25
29-September-2025,148.55,149.45,144.10,146.75,146.613583192115957289,5470290,32843,802018818.00,2320924,42.43,5.35,-1.80
26-September-2025,150.55,153.05,144.75,146.35,147.571751382010030243,7057655,36055,1041510509.00,3238568,45.89,8.30,-4.20
25-September-2025,146.00,154.00,145.50,148.90,150.083214800883880027,20114042,99590,3018780086.00,6703748,33.33,8.50,2.90
24-September-2025,162.65,163.85,142.30,144.80,152.645937778366619001,18416585,114830,2811216888.00,7445935,40.43,21.55,-17.85
23-September-2025,180.00,182.75,160.20,162.40,166.239031130952705568,16686383,89182,2773928143.00,5663247,33.94,22.55,-17.60
22-September-2025,147.90,170.15,147.70,170.15,166.225248154604236132,12500977,68544,2077978004.00,5576805,44.61,22.45,22.25
19-September-2025,672.60,723.40,666.00,709.05,695.209485438724650010,6902074,114771,4798387314.00,2163149,31.34,57.40,36.45
18-September-2025,633.00,635.20,626.00,630.85,630.622785919379498079,214536,5517,135291290.00,91659,42.72,9.20,-2.15
17-September-2025,640.00,643.80,626.75,630.15,632.132622793792087602,345559,8360,218439117.00,157846,45.68,17.05,-9.85
16-September-2025,647.65,648.30,635.50,637.10,640.619686414907153794,463670,11189,297036130.00,213028,45.94,12.80,-10.55
15-September-2025,655.70,666.75,641.30,644.40,655.656226082070698296,1007351,59453,660475955.00,416973,41.39,25.45,-11.30
12-September-2025,628.85,650.05,628.10,648.65,642.496553626832864469,663306,14306,426171819.00,287555,43.35,21.95,19.80
11-September-2025,639.00,653.45,602.50,624.45,630.314715844004030718,2176287,87393,1371745722.00,482525,22.17,50.95,-14.55
10-September-2025,647.00,658.60,628.00,633.45,649.047412764734905972,800565,19274,519604642.00,349354,43.64,30.60,-13.55
9-September-2025,639.55,648.30,636.00,643.95,642.847489573868269611,429210,9410,275916571.00,169739,39.55,12.30,4.40
8-September-2025,616.55,649.20,614.70,633.75,637.281621913019523466,2105415,42261,1341742286.00,889735,42.26,34.50,17.20
5-September-2025,609.90,614.25,601.80,609.80,608.125612123489260442,159690,3619,97111579.00,63545,39.79,12.45,-0.10
4-September-2025,611.30,615.50,606.25,608.50,611.063908158880225919,114023,2617,69675340.00,51482,45.15,9.25,-2.80
3-September-2025,609.50,616.35,605.00,609.20,609.536581473673601370,238126,5186,145146508.00,93088,39.09,11.35,-0.30
2-September-2025,612.00,612.00,601.15,607.90,606.332643461900282220,170080,4139,103125056.00,66263,38.96,10.85,-4.10
1-September-2025,606.00,614.80,603.35,606.70,608.128059360681503970,465089,12038,282833671.00,229338,49.31,11.45,0.70
29-August-2025,598.00,603.00,583.35,600.75,593.864438985817927078,332603,9059,197521094.00,133126,40.03,19.65,2.75
28-August-2025,590.40,606.85,585.25,595.25,597.542474949163338804,204085,4539,121949456.00,73582,36.05,21.60,4.85
26-August-2025,604.20,605.00,590.00,591.80,597.506680542500335705,119152,3188,71194116.00,47317,39.71,15.00,-12.40
25-August-2025,592.15,607.90,590.10,605.40,599.421836668522381759,163459,4961,97980894.00,69199,42.33,17.80,13.25
22-August-2025,597.65,603.00,592.05,594.25,597.124538562426026038,156305,3653,93333551.00,90829,58.11,10.95,-3.40
21-August-2025,599.30,604.10,595.00,596.05,598.118747387762505224,253614,6015,151691288.00,145248,57.27,9.10,-3.25
20-August-2025,605.70,607.55,597.00,600.20,602.392270055147727761,302279,7014,182090533.00,171735,56.81,10.55,-5.50
19-August-2025,599.65,608.00,596.40,606.25,603.620671621789466114,305946,6191,184675330.00,173915,56.84,11.60,6.60
18-August-2025,590.00,601.80,586.55,598.55,596.720348101129081740,231427,5056,138097200.00,124749,53.90,15.25,8.55
14-August-2025,585.80,589.35,581.30,584.00,584.110206392908050690,153639,4217,89742108.00,72496,47.19,8.05,-1.80
13-August-2025,593.95,594.90,583.35,585.75,589.767965160413919852,125145,3506,73806512.00,56219,44.92,11.55,-8.20
12-August-2025,597.00,598.45,589.35,591.25,593.422342495743128192,164440,4661,97582370.00,66295,40.32,9.10,-5.75
11-August-2025,577.50,598.50,571.20,593.70,583.775595570074097681,200816,5461,117231480.00,79512,39.59,27.30,16.20
8-August-2025,581.40,583.30,573.85,576.65,579.057269934771775591,134451,3569,77854829.00,48390,35.99,9.45,-4.75
7-August-2025,563.80,581.90,552.35,578.50,564.806255800536784809,438537,8447,247688441.00,112002,25.54,29.55,14.70
6-August-2025,579.40,582.00,565.00,566.90,571.230644052913890850,209548,4584,119700239.00,90665,43.27,17.00,-12.50
5-August-2025,584.90,584.90,575.90,579.40,579.017511546987814545,210661,5468,121976408.00,85219,40.45,9.00,-5.50
4-August-2025,567.05,588.00,564.20,584.50,574.240059718102343661,255199,5650,146545489.00,98117,38.45,23.80,17.45
1-August-2025,587.35,593.00,564.10,566.75,578.961573017657164553,532022,9779,308020294.00,163686,30.77,28.90,-20.60
31-July-2025,571.70,591.75,571.70,587.40,584.679489485993671488,188986,4513,110496238.00,75149,39.76,20.05,15.70
30-July-2025,595.00,601.95,587.05,589.55,593.253984730134168871,363199,7424,215469254.00,135990,37.44,14.90,-5.45
29-July-2025,570.60,594.75,566.35,592.55,582.924685929109100116,349523,6315,203745585.00,96765,27.68,28.40,21.95
28-July-2025,569.20,576.75,561.05,570.60,570.224114134222501605,365885,8739,208636450.00,123307,33.70,15.70,1.40
25-July-2025,582.10,584.00,568.50,570.15,576.026964738418990550,125831,3813,72482049.00,53859,42.80,15.50,-11.95
24-July-2025,590.15,592.95,583.30,585.70,587.107404350010767353,334344,6387,196295838.00,107396,32.12,9.65,-4.45
23-July-2025,593.00,595.95,587.50,588.95,590.621356052640078665,278647,6719,164574869.00,119976,43.06,8.45,-4.05
22-July-2025,598.50,601.25,588.00,591.00,594.857657136137919806,221114,6369,131531356.00,84897,38.40,13.25,-7.50
21-July-2025,597.30,603.70,591.20,596.80,596.374295924331792337,150552,3035,89785343.00,49603,32.95,12.50,-0.50
18-July-2025,598.65,599.00,588.45,594.50,593.663398902397683857,218294,4056,129593158.00,80235,36.76,10.55,-4.15
17-July-2025,608.30,608.70,597.30,598.50,602.755335913678956790,224001,4701,135017798.00,72049,32.16,11.40,-9.80
16-July-2025,611.35,614.05,603.10,604.70,608.350496760062268799,438743,8097,266909522.00,177735,40.51,10.95,-6.65
15-July-2025,617.85,617.85,606.00,608.10,610.877768600458865945,381375,6021,232973509.00,140354,36.80,11.85,-9.75
14-July-2025,604.05,619.30,602.10,609.50,611.074343050708273455,935232,17706,571496280.00,315358,33.72,17.20,5.45
11-July-2025,607.25,612.00,600.00,604.05,605.673278665272823740,571083,9694,345889713.00,215067,37.66,12.00,-3.20
10-July-2025,607.95,619.80,602.20,605.90,612.790337853923364095,1503786,25087,921505531.00,524360,34.87,17.60,-2.05
9-July-2025,600.20,609.95,596.75,602.20,603.346508373769832782,388057,6513,234132836.00,130018,33.50,13.20,2.00
8-July-2025,603.00,615.00,592.25,599.70,602.420744278766715500,747435,12991,450270349.00,260536,34.86,22.75,-3.30
7-July-2025,584.00,599.90,578.85,596.70,589.004602280533040252,349392,7080,205793496.00,122500,35.06,21.05,12.70
4-July-2025,588.60,590.65,581.00,584.65,585.410066755674232309,337050,6934,197312463.00,128307,38.07,9.65,-3.95
3-July-2025,596.30,596.30,584.70,587.90,588.838691855590763105,465178,9848,273914805.00,161049,34.62,11.60,-8.40
2-July-2025,595.00,601.85,587.75,591.45,594.255327163253464724,525655,10186,312373284.00,197696,37.61,14.10,-3.55
1-July-2025,586.20,606.90,586.20,591.55,597.400327102959789211,1197788,19602,715558943.00,382643,31.95,20.70,5.35
30-June-2025,589.90,597.55,582.70,585.80,588.141795826614915150,380794,6950,223960867.00,125816,33.04,14.85,-4.10
27-June-2025,580.00,607.50,574.25,584.25,594.835099381210618465,1325653,20938,788544934.00,417064,31.46,33.25,4.25
26-June-2025,557.25,580.00,557.25,577.85,570.395969954527702866,811703,17579,462992120.00,400044,49.28,22.75,20.60
25-June-2025,549.70,558.25,549.00,557.05,553.885185358510580215,256422,5022,142028347.00,91182,35.56,9.25,7.35
24-June-2025,547.30,551.95,538.50,546.80,545.764110736136656008,586114,9795,319879986.00,163227,27.85,13.45,-0.50
23-June-2025,530.00,541.75,529.15,538.05,536.103261666827674792,558978,10267,299669929.00,201133,35.98,12.60,8.05
20-June-2025,538.60,544.40,528.30,531.50,537.051927790236418995,383937,8148,206194106.00,136652,35.59,16.10,-7.10
19-June-2025,548.20,558.55,533.00,536.30,544.580073877323017886,452913,10968,246647395.00,146953,32.45,25.55,-11.90
18-June-2025,556.25,560.25,550.00,550.90,554.006465449103689574,189778,4040,105138239.00,86397,45.53,10.25,-5.35
17-June-2025,565.85,571.10,556.85,558.15,562.646103641466134262,293261,6434,165002159.00,114960,39.20,14.25,-7.70
16-June-2025,567.35,571.90,555.00,563.15,563.569894935468210422,436684,11961,246101956.00,153921,35.25,16.90,-4.20
13-June-2025,554.15,578.35,549.45,570.95,566.685785107205068926,779021,16814,441460127.00,234136,30.06,28.90,16.80
12-June-2025,588.90,588.90,565.15,567.30,573.442361845165109297,473020,10532,271249706.00,203485,43.02,23.75,-21.60
11-June-2025,601.00,603.90,583.00,587.00,591.839743212588336046,1070769,20961,633723650.00,414180,38.68,20.90,-14.00
10-June-2025,565.30,610.00,562.30,596.30,594.830582883318076985,4256152,66645,2531689375.00,1443790,33.92,47.70,31.00
9-June-2025,557.30,573.85,556.40,563.30,563.517049846109521263,360971,6260,203413313.00,128000,35.46,17.45,6.00
6-June-2025,548.20,563.80,548.20,555.20,557.050212042571276143,331773,5570,184814220.00,112296,33.85,15.60,7.00
5-June-2025,547.20,553.45,546.60,547.60,549.777630371017218602,178644,3748,98214475.00,64377,36.04,6.85,0.40
4-June-2025,545.25,549.80,538.95,544.95,544.150950251387842552,374322,3986,203687672.00,246045,65.73,10.85,-0.30
3-June-2025,551.90,554.00,540.00,543.75,547.007895609627365740,280409,5191,153385937.00,141147,50.34,14.00,-8.15
2-June-2025,545.05,559.70,544.90,554.95,554.208719404423973006,578801,10740,320776561.00,236767,40.91,14.80,9.90
30-May-2025,553.30,555.45,541.20,544.60,550.048691825004147514,409884,11132,225456158.00,153020,37.33,14.25,-8.70
29-May-2025,554.15,558.50,551.20,551.95,553.877570225031305803,404877,7547,224252289.00,146292,36.13,7.30,-2.20
28-May-2025,555.50,567.00,534.05,550.90,557.963018638772755213,671879,13476,374883635.00,216152,32.17,32.95,-4.60
27-May-2025,559.00,560.00,550.30,552.85,555.452274491605913808,230579,3982,128075630.00,63940,27.73,9.70,-6.15
26-May-2025,557.00,570.00,556.10,558.45,563.381845634315030684,307970,6333,173504707.00,120870,39.25,13.90,1.45
23-May-2025,555.55,560.20,551.15,553.10,555.064657316435461722,470434,9206,261121287.00,146198,31.08,9.05,-2.45
22-May-2025,551.35,560.85,549.05,553.95,555.490526187344443387,557273,9878,309559872.00,150571,27.02,11.80,2.60
21-May-2025,557.55,560.65,546.85,551.30,553.425077699693160447,252575,5234,139781339.00,76654,30.35,13.80,-6.25
20-May-2025,563.05,567.40,552.85,555.95,559.648719846381565787,499940,10765,279790781.00,170566,34.12,14.55,-7.10
19-May-2025,567.50,573.45,559.20,562.75,565.724071923735275599,316057,6060,178801053.00,101297,32.05,14.25,-4.75
16-May-2025,545.65,569.30,543.30,565.40,559.864485126392576041,1027592,15383,575312266.00,329113,32.03,26.00,19.75
